url,source,http_status,redirect_target,type,content_type,title
https://pandaexteriors.com/,sitemap+crawl,200,,page,text/html,Panda Exteriors | Residential And Commercial Roofing Experts
https://pandaexteriors.com/about/,sitemap+crawl,200,,page,text/html,About | Panda Exteriors
https://pandaexteriors.com/affirm-payment/,sitemap,200,,page,text/html,Affirm Payment | Panda Exteriors
https://pandaexteriors.com/blog/,sitemap+crawl,200,,page,text/html,Blog | Panda Exteriors
https://pandaexteriors.com/blog/10-questions-to-ask-before-signing-a-roof-replacement-contract/,sitemap,200,,page,text/html,10 Questions To Ask Before Signing A Roof Replacement Contract | Panda Exteriors
https://pandaexteriors.com/blog/15-questions-to-ask-before-you-hire-a-roofer/,sitemap,200,,page,text/html,15 Questions To Ask Before You Hire A Roofer | Panda Exteriors
https://pandaexteriors.com/blog/5-benefits-of-hiring-a-professional-for-roof-replacement/,sitemap,200,,page,text/html,5 Benefits Of Hiring A Professional For Roof Replacement | Panda Exteriors
https://pandaexteriors.com/blog/5-benefits-of-replacing-your-roof-before-the-holidays/,sitemap,200,,page,text/html,5 Benefits Of Replacing Your Roof Before The Holidays | Panda Exteriors
https://pandaexteriors.com/blog/5-signs-its-time-to-replace-your-roof-before-it-costs-you-more/,sitemap,200,,page,text/html,5 Signs It’s Time To Replace Your Roof (Before It Costs You More) | Panda Exteriors
https://pandaexteriors.com/blog/actual-cash-value-vs-replacement-cost-how-your-roof-insurance-payout-is-calculated/,crawl,200,,page,text/html,Actual Cash Value Vs. Replacement Cost: How Your Roof Insurance Payout Is Calculated | Panda Exteriors
https://pandaexteriors.com/blog/adding-solar-to-your-mid-atlantic-home-what-to-know/,sitemap,200,,page,text/html,What To Know About Installing A Solar Roof
https://pandaexteriors.com/blog/are-skylights-for-you-and-your-roof/,sitemap,200,,page,text/html,Are Skylights For You And Your Roof? | Panda Exteriors
https://pandaexteriors.com/blog/beat-summer-energy-bills-cut-your-costs-by-90/,sitemap,200,,page,text/html,Beat Summer Energy Bills: How Solar Roofing Can Cut Your Costs By 90% | Panda Exteriors Beat Summer Energy Bills With Solar Roofing | Save Up To 90% On Cooling Costs
https://pandaexteriors.com/blog/beat-the-next-noreaster-why-scheduling-your-roof-replacement-before-deep-winter-saves-you-money/,sitemap,200,,page,text/html,Beat The Next Nor’easter: Why Scheduling Your Roof Replacement Before Deep Winter Saves You Money | Panda Exteriors
https://pandaexteriors.com/blog/before-school-starts-august-is-the-perfect-time-for-solar-roof-installation/,sitemap,200,,page,text/html,Before School Starts: Why August Is The Perfect Time For Solar Roof Installation | Panda Exteriors Why August Is The Best Time For Solar Roof Installation | Panda Exteriors
https://pandaexteriors.com/blog/best-exterior-upgrades-before-peak-summer-heat-roofing-and-siding-improvements-that-help-protect-your-home/,crawl,200,,page,text/html,Best Exterior Upgrades Before Peak Summer Heat: Roofing And Siding Improvements That Help Protect Your Home | Panda Exteriors
https://pandaexteriors.com/blog/best-time-to-go-solar-why-spring-is-a-smart-season-to-pair-roofing-and-solar-upgrades/,sitemap,200,,page,text/html,Best Time To Go Solar? Why Spring Is A Smart Season To Pair Roofing And Solar Upgrades | Panda Exteriors
https://pandaexteriors.com/blog/can-you-repair-a-roof-in-freezing-weather-what-homeowners-need-to-know/,sitemap,200,,page,text/html,Can You Repair A Roof In Freezing Weather? What Homeowners Need To Know | Panda Exteriors
https://pandaexteriors.com/blog/can-you-replace-a-roof-in-the-winter-yes-but-heres-the-catch/,sitemap,200,,page,text/html,"Can You Replace A Roof In The Winter? Yes, But Here’s The Catch | Panda Exteriors"
https://pandaexteriors.com/blog/commercial-roofing-industry-and-the-future/,sitemap,200,,page,text/html,Commercial Roofing Industry And The Future | Panda Exteriors
https://pandaexteriors.com/blog/denied-or-lowballed-how-panda-exteriors-helps-you-re-open-your-winter-roof-insurance-claim/,sitemap,200,,page,text/html,Denied Or Lowballed? How Panda Exteriors Helps You Re-Open Your Winter Roof Insurance Claim | Panda Exteriors
https://pandaexteriors.com/blog/do-you-need-a-new-roof/,sitemap,200,,page,text/html,Do You Need A New Roof? | Panda Exteriors
https://pandaexteriors.com/blog/does-homeowners-insurance-cover-roof-leaks-what-homeowners-need-to-know/,crawl,200,,page,text/html,Does Homeowners Insurance Cover Roof Leaks? What Homeowners Need To Know | Panda Exteriors
https://pandaexteriors.com/blog/does-your-roof-help-or-hurt-your-curb-appeal/,sitemap+crawl,200,,page,text/html,Does Your Roof Help Or Hurt Your Curb Appeal? | Panda Exteriors
https://pandaexteriors.com/blog/freeze-thaw-damage-the-hidden-problem-after-cold-snaps/,sitemap,200,,page,text/html,Freeze–Thaw Damage: The Hidden Problem After Cold Snaps | Panda Exteriors
https://pandaexteriors.com/blog/from-emergency-tarp-to-full-replacement-turning-winter-roof-damage-into-a-long-term-upgrade/,sitemap,200,,page,text/html,From Emergency Tarp To Full Replacement: Turning Winter Roof Damage Into A Long-Term Upgrade | Panda Exteriors
https://pandaexteriors.com/blog/gaf-solar-shingles-maintenance/,sitemap+crawl,200,,page,text/html,Solar Roof Maintenance: Keeping Your GAF Solar Shingles At Peak Efficiency | Panda Exteriors GAF Solar Shingles Maintenance Guide | Panda Exteriors
https://pandaexteriors.com/blog/gaf-timberline-solar-shingles-installation/,sitemap,200,,page,text/html,The Complete Guide To Solar Roof Installation: What To Expect With Timberline Solar Shingles | Panda Exteriors Timberline Solar Shingles Installation Guide | What To Expect With Panda Exteriors
https://pandaexteriors.com/blog/gutters-after-winter-cleaning-realignment-and-downspout-flow-tests/,sitemap,200,,page,text/html,"Gutters After Winter: Cleaning, Realignment, And Downspout Flow Tests | Panda Exteriors"
https://pandaexteriors.com/blog/gutters-after-winter-signs-its-time-for-repair-or-replacement/,crawl,200,,page,text/html,Gutters After Winter: Signs It’s Time For Repair Or Replacement | Panda Exteriors
https://pandaexteriors.com/blog/home-exteriors-replacement-tips/,sitemap,200,,page,text/html,Home Exteriors Replacement Tips | Panda Exteriors
https://pandaexteriors.com/blog/how-a-new-roof-can-lower-your-heating-bills-this-winter/,sitemap,200,,page,text/html,How A New Roof Can Lower Your Heating Bills This Winter | Panda Exteriors
https://pandaexteriors.com/blog/how-did-solar-energy-become-so-cheap/,sitemap,200,,page,text/html,How Did Solar Energy Become So Cheap? | Panda Exteriors
https://pandaexteriors.com/blog/how-hot-weather-affects-solar-roof-output/,sitemap,200,,page,text/html,Summer Solar Performance: How Hot Weather Affects Your Solar Roof Output | Panda Exteriors How Summer Heat Affects Solar Roof Performance
https://pandaexteriors.com/blog/how-long-do-you-have-to-file-a-roof-insurance-claim-after-a-storm/,crawl,200,,page,text/html,How Long Do You Have To File A Roof Insurance Claim After A Storm? | Panda Exteriors
https://pandaexteriors.com/blog/how-long-does-a-roof-really-last/,sitemap,200,,page,text/html,How Long Does A Roof Really Last? (And How To Help Yours Go The Distance) | Panda Exteriors How Long Does A Roof Last? Lifespan By Material + Tips To Extend It
https://pandaexteriors.com/blog/how-summer-heat-damages-your-roof-shingle-curling-granule-loss-and-ventilation-warning-signs/,crawl,200,,page,text/html,"How Summer Heat Damages Your Roof: Shingle Curling, Granule Loss, And Ventilation Warning Signs | Panda Exteriors"
https://pandaexteriors.com/blog/how-to-budget-for-a-new-roof-without-the-sticker-shock/,sitemap,200,,page,text/html,How To Budget For A New Roof Without The Sticker Shock | Panda Exteriors
https://pandaexteriors.com/blog/how-to-choose-the-right-roofing-contractor/,sitemap,200,,page,text/html,How To Choose The Right Roofing Contractor: Questions To Ask Before You Sign | Panda Exteriors
https://pandaexteriors.com/blog/how-to-clean-solar-panels-and-shingles/,sitemap,200,,page,text/html,How To Clean Your Solar Panels And Shingles: A Homeowner's Guide To Maximum Efficiency | Panda Exteriors How To Clean Solar Panels And Shingles: A Step-by-Step Homeowner’s Guide
https://pandaexteriors.com/blog/how-we-were-able-to-rank-50-nationwide-as-the-fastest-growing-company-by-inc-5000/,sitemap,200,,page,text/html,How We Were Able To Rank 50 Nationwide As The Fastest-growing Company By Inc. 5000 | Panda Exteriors
https://pandaexteriors.com/blog/ice-dams-101-what-they-are-and-how-to-stop-them/,sitemap,200,,page,text/html,Ice Dams 101: What They Are And How To Stop Them | Panda Exteriors
https://pandaexteriors.com/blog/insurance-paid-roof-replacements-a-simple-guide-for-wind-hail-and-ice-damage-claims/,sitemap,200,,page,text/html,"Insurance-Paid Roof Replacements: A Simple Guide For Wind, Hail, And Ice Damage Claims | Panda Exteriors"
https://pandaexteriors.com/blog/insurance-roofing-in-spring-the-homeowners-field-guide-to-wind-and-hail-claims/,sitemap,200,,page,text/html,Insurance Roofing In Spring: The Homeowner’s Field Guide To Wind And Hail Claims | Panda Exteriors
https://pandaexteriors.com/blog/is-it-safe-to-install-a-new-roof-in-the-winter-myths-vs-facts/,sitemap,200,,page,text/html,Is It Safe To Install A New Roof In The Winter?
https://pandaexteriors.com/blog/is-your-attic-costing-you-money-this-spring-how-insulation-affects-roof-health-and-energy-bills/,crawl,200,,page,text/html,Is Your Attic Costing You Money This Spring? How Insulation Affects Roof Health And Energy Bills | Panda Exteriors
https://pandaexteriors.com/blog/is-your-roof-ready-for-snow-how-to-prepare-before-the-first-flake-falls/,sitemap,200,,page,text/html,Is Your Roof Ready For Snow? How To Prepare Before The First Flake Falls | Panda Exteriors
https://pandaexteriors.com/blog/is-your-siding-fading-from-sun-exposure-when-summer-uv-damage-means-its-time-to-replace/,crawl,200,,page,text/html,Is Your Siding Fading From Sun Exposure? When Summer UV Damage Means It’s Time To Replace | Panda Exteriors
https://pandaexteriors.com/blog/offer/10-off-roof-replacement/,crawl,200,,page,text/html,10% Off Roof Replacement | Panda Exteriors
https://pandaexteriors.com/blog/offer/1500-off-solar-project/,crawl,200,,page,text/html,$1500 Off Solar Project | Panda Exteriors
https://pandaexteriors.com/blog/offer/find-out-about-our-no-interest-financial-options/,crawl,200,,page,text/html,Find Out About Our No-Interest Financial Options | Panda Exteriors
https://pandaexteriors.com/blog/offer/our-installation-work-is-completed-by-certified-professionals/,crawl,200,,page,text/html,Our Installation Work Is Completed By Certified Professionals | Panda Exteriors
https://pandaexteriors.com/blog/offer/professional-remodels-backed-by-a-100-satisfaction-guarantee/,crawl,200,,page,text/html,Professional Remodels Backed By A 100% Satisfaction Guarantee! | Panda Exteriors
https://pandaexteriors.com/blog/often-overlooked-roofing-issues-and-items/,sitemap+crawl,200,,page,text/html,Often Overlooked Roofing Issues And Items | Panda Exteriors
https://pandaexteriors.com/blog/page/10/,crawl,200,,page,text/html,Blog | Panda Exteriors
https://pandaexteriors.com/blog/page/11/,crawl,200,,page,text/html,Blog | Panda Exteriors
https://pandaexteriors.com/blog/page/12/,crawl,200,,page,text/html,Blog | Panda Exteriors
https://pandaexteriors.com/blog/page/13/,crawl,200,,page,text/html,Blog | Panda Exteriors
https://pandaexteriors.com/blog/page/14/,crawl,200,,page,text/html,Blog | Panda Exteriors
https://pandaexteriors.com/blog/page/15/,crawl,200,,page,text/html,Blog | Panda Exteriors
https://pandaexteriors.com/blog/page/16/,crawl,200,,page,text/html,Blog | Panda Exteriors
https://pandaexteriors.com/blog/page/2/,crawl,200,,page,text/html,Blog | Panda Exteriors
https://pandaexteriors.com/blog/page/3/,crawl,200,,page,text/html,Blog | Panda Exteriors
https://pandaexteriors.com/blog/page/4/,crawl,200,,page,text/html,Blog | Panda Exteriors
https://pandaexteriors.com/blog/page/5/,crawl,200,,page,text/html,Blog | Panda Exteriors
https://pandaexteriors.com/blog/page/6/,crawl,200,,page,text/html,Blog | Panda Exteriors
https://pandaexteriors.com/blog/page/7/,crawl,200,,page,text/html,Blog | Panda Exteriors
https://pandaexteriors.com/blog/page/8/,crawl,200,,page,text/html,Blog | Panda Exteriors
https://pandaexteriors.com/blog/page/9/,crawl,200,,page,text/html,Blog | Panda Exteriors
https://pandaexteriors.com/blog/project/brookfield-properties/,sitemap+crawl,200,,page,text/html,Brookfield Properties | Panda Exteriors
https://pandaexteriors.com/blog/project/bylt-restoration/,sitemap+crawl,200,,page,text/html,BYLT Restoration | Panda Exteriors
https://pandaexteriors.com/blog/project/chapel-branch-apartments/,sitemap+crawl,200,,page,text/html,Chapel Branch Apartments | Panda Exteriors
https://pandaexteriors.com/blog/project/enterprise-rent-a-car/,sitemap+crawl,200,,page,text/html,Enterprise Rent-A-Car | Panda Exteriors
https://pandaexteriors.com/blog/project/expert-tpo-roofing/,sitemap+crawl,200,,page,text/html,Expert TPO Roofing | Panda Exteriors
https://pandaexteriors.com/blog/project/linear-accelerator-roof-replacement/,sitemap+crawl,200,,page,text/html,Linear Accelerator Roof Replacement | Panda Exteriors
https://pandaexteriors.com/blog/project/panda-ext-11425/,sitemap+crawl,200,,page,text/html,Panda Ext-11425 | Panda Exteriors
https://pandaexteriors.com/blog/project/panda-ext-11531/,sitemap+crawl,200,,page,text/html,Panda Ext-11531 | Panda Exteriors
https://pandaexteriors.com/blog/project/panda-ext-14098/,sitemap+crawl,200,,page,text/html,Panda Ext-14098 | Panda Exteriors
https://pandaexteriors.com/blog/project/panda-ext-14513/,sitemap+crawl,200,,page,text/html,Panda Ext-14513 | Panda Exteriors
https://pandaexteriors.com/blog/project/panda-ext-14532/,sitemap+crawl,200,,page,text/html,Roof Replacement | Panda Exteriors
https://pandaexteriors.com/blog/project/panda-ext-15321/,sitemap+crawl,200,,page,text/html,Panda Ext-15321 | Panda Exteriors
https://pandaexteriors.com/blog/project/panda-exteriors-hq/,sitemap+crawl,200,,page,text/html,Panda Exteriors HQ | Panda Exteriors
https://pandaexteriors.com/blog/project/roof-replacement-2/,sitemap+crawl,200,,page,text/html,Roof Replacement | Panda Exteriors
https://pandaexteriors.com/blog/project/roof-replacement-3/,sitemap+crawl,200,,page,text/html,Roof Replacement | Panda Exteriors
https://pandaexteriors.com/blog/project/roof-replacement-gutter-guards/,sitemap+crawl,200,,page,text/html,Roof Replacement & Gutter Guards | Panda Exteriors
https://pandaexteriors.com/blog/project/roof-replacement/,sitemap+crawl,200,,page,text/html,Roof Replacement | Panda Exteriors
https://pandaexteriors.com/blog/project/sbs-siding/,sitemap+crawl,200,,page,text/html,SBS Siding | Panda Exteriors
https://pandaexteriors.com/blog/project/spanish-tile/,sitemap+crawl,200,,page,text/html,Spanish Tile | Panda Exteriors
https://pandaexteriors.com/blog/quarterly-inspection/,sitemap,200,,page,text/html,Quarterly Inspection | Panda Exteriors
https://pandaexteriors.com/blog/repair-or-replace-how-to-decide-after-a-winter-storm-beats-up-your-roof/,sitemap,200,,page,text/html,Repair Or Replace? How To Decide After A Winter Storm Beats Up Your Roof | Panda Exteriors
https://pandaexteriors.com/blog/repair-vs-replace-after-a-storm-the-spring-decision-matrix-insurers-use-and-how-to-tell-what-your-roof-actually-needs/,sitemap,200,,page,text/html,"Repair Vs. Replace After A Storm: The Spring Decision Matrix Insurers Use, And How To Tell What Your Roof Actually Needs | Panda Exteriors"
https://pandaexteriors.com/blog/replacing-a-roof-in-2024/,sitemap,200,,page,text/html,Replacing A Roof In 2024 | Panda Exteriors
https://pandaexteriors.com/blog/replacing-your-roof-with-gaf-timberline-solar-shingles/,sitemap,200,,page,text/html,Is It Time To Upgrade? What You Need To Know About Replacing Your Roof With GAF Timberline Solar Shingles | Panda Exteriors
https://pandaexteriors.com/blog/roof-flashing-repair/,sitemap,200,,page,text/html,Roof Flashing Repair: What It Is & Why It Matters | Panda Exteriors
https://pandaexteriors.com/blog/roof-insurance-deductibles-explained-what-will-you-pay-after-storm-damage/,crawl,200,,page,text/html,Roof Insurance Deductibles Explained: What Will You Pay After Storm Damage? | Panda Exteriors
https://pandaexteriors.com/blog/roof-leak-season-is-here-why-spring-rain-exposes-hidden-winter-damage/,sitemap,200,,page,text/html,Roof Leak Season Is Here: Why Spring Rain Exposes Hidden Winter Damage | Panda Exteriors
https://pandaexteriors.com/blog/roof-repair-or-replace/,sitemap,200,,page,text/html,Repair Or Replace? How To Decide What Your Roof Really Needs | Panda Exteriors
https://pandaexteriors.com/blog/roof-replacement-timeline/,sitemap,200,,page,text/html,"During A Roof Replacement: Timeline, Mess & Peace Of Mind | Panda Exteriors"
https://pandaexteriors.com/blog/seasonal-roof-maintenance-tips-for-every-time-of-year/,sitemap,200,,page,text/html,Seasonal Roof Maintenance Tips For Every Time Of Year | Panda Exteriors
https://pandaexteriors.com/blog/shielding-new-jersey-homes-the-essential-role-of-quality-roof-replacement-in-extreme-weather-preparedness/,sitemap,200,,page,text/html,Shielding New Jersey Homes: The Essential Role Of Quality Roof Replacement In Extreme Weather Preparedness | Panda Exteriors
https://pandaexteriors.com/blog/should-you-repair-or-replace-your-roof-after-a-spring-storm/,crawl,200,,page,text/html,Should You Repair Or Replace Your Roof After A Spring Storm? | Panda Exteriors
https://pandaexteriors.com/blog/siding-and-exterior-cleaning-the-safe-way-to-remove-algae-mildew-and-pollen/,sitemap,200,,page,text/html,"Siding And Exterior Cleaning: The Safe Way To Remove Algae, Mildew, And Pollen | Panda Exteriors"
https://pandaexteriors.com/blog/signs-you-need-attic-insulation/,sitemap,200,,page,text/html,Signs You Need Attic Insulation | Panda Exteriors
https://pandaexteriors.com/blog/solar-financing-gaf-solar-shingles/,sitemap,200,,page,text/html,Solar Roof Financing Made Simple: How To Save $1500 On Your Solar Project This Summer | Panda Exteriors Solar Financing For GAF Solar Shingles | $1500 Off + Tax Credit Info
https://pandaexteriors.com/blog/solar-roof-inspection-summer-maintenance-for-maximum-performance/,sitemap+crawl,200,,page,text/html,Solar Roof Inspection Checklist: End-of-Summer Maintenance For Maximum Performance | Panda Exteriors Solar Roof Inspection Checklist: End-of-Summer Maintenance Tips For Peak Performance
https://pandaexteriors.com/blog/solar-shingles-vs-traditional-solar-panels/,sitemap,200,,page,text/html,GAF Timberline Solar Shingles Vs. Traditional Solar Panels: Which Is Right For Your Home? | Panda Exteriors GAF Timberline Solar Shingles Vs. Traditional Solar Panels: Which Is Best For Your Home?
https://pandaexteriors.com/blog/spring-exterior-refresh-when-to-replace-siding-roofing-and-gutters-together/,crawl,200,,page,text/html,"Spring Exterior Refresh: When To Replace Siding, Roofing, And Gutters Together | Panda Exteriors"
https://pandaexteriors.com/blog/spring-is-a-great-season-for-roof-inspections/,sitemap,200,,page,text/html,Why Spring Is A Great Season For Roof Inspections
https://pandaexteriors.com/blog/spring-leak-map-how-to-spot-the-failure-points-before-they-become-interior-damage/,sitemap,200,,page,text/html,Spring Leak Map: How To Spot The Failure Points Before They Become Interior Damage | Panda Exteriors
https://pandaexteriors.com/blog/spring-rain-leak-season-why-roof-leaks-show-up-in-march-and-april/,sitemap,200,,page,text/html,Spring Rain = Leak Season: Why Roof Leaks Show Up In March And April | Panda Exteriors
https://pandaexteriors.com/blog/spring-roof-inspection-checklist-9-problems-homeowners-miss-after-winter/,sitemap,200,,page,text/html,Spring Roof Inspection Checklist: 9 Problems Homeowners Miss After Winter | Panda Exteriors
https://pandaexteriors.com/blog/storm-just-hit-what-to-do-in-the-first-24-hours-if-you-suspect-roof-damage/,sitemap,200,,page,text/html,Storm Just Hit? What To Do In The First 24 Hours If You Suspect Roof Damage | Panda Exteriors
https://pandaexteriors.com/blog/storm-proofing-how-gaf-solar-shingles-handle-severe-weather/,sitemap,200,,page,text/html,Storm-Proofing Your Solar Investment: How GAF Solar Shingles Handle Severe Weather | Panda Exteriors Storm-Proof Solar Shingles For Maryland Homes | Panda Exteriors
https://pandaexteriors.com/blog/summer-siding-problems-homeowners-ignore-warping-fading-cracking-and-loose-panels/,crawl,200,,page,text/html,"Summer Siding Problems Homeowners Ignore: Warping, Fading, Cracking, And Loose Panels | Panda Exteriors"
https://pandaexteriors.com/blog/the-components-of-a-roof-replacement/,sitemap,200,,page,text/html,The Components Of A Roof Replacement | Panda Exteriors
https://pandaexteriors.com/blog/the-end-of-winter-roof-survival-checklist/,sitemap,200,,page,text/html,The End-of-Winter Roof Survival Checklist | Panda Exteriors
https://pandaexteriors.com/blog/the-greatness-of-gutters/,sitemap,200,,page,text/html,The Greatness Of Gutters | Panda Exteriors
https://pandaexteriors.com/blog/the-role-of-solar-panels-in-reducing-peak-electricity-demand/,sitemap,200,,page,text/html,The Role Of Solar Panels In Reducing Peak Electricity Demand | Panda Exteriors
https://pandaexteriors.com/blog/the-top-5-benefits-of-solar-panels-for-homeowners/,sitemap+crawl,200,,page,text/html,Top 5 Benefits Of Solar Panels For Homeowners
https://pandaexteriors.com/blog/understanding-roof-warranties-whats-covered-and-whats-not/,sitemap,200,,page,text/html,Understanding Roof Warranties: What’s Covered And What’s Not | Panda Exteriors
https://pandaexteriors.com/blog/what-are-ice-dams-and-how-can-they-damage-my-roof-this-february/,sitemap,200,,page,text/html,What Are Ice Dams And How Can They Damage Your Roof?
https://pandaexteriors.com/blog/what-cold-weather-does-to-a-failing-roof-and-how-to-avoid-it/,sitemap,200,,page,text/html,What Cold Weather Does To A Failing Roof (and How To Avoid It) | Panda Exteriors
https://pandaexteriors.com/blog/what-is-a-roofing-insurance-supplement-and-why-might-your-claim-need-one/,crawl,200,,page,text/html,What Is A Roofing Insurance Supplement—and Why Might Your Claim Need One? | Panda Exteriors
https://pandaexteriors.com/blog/what-questions-should-i-ask-a-roofing-contractor/,sitemap,200,,page,text/html,What Questions Should I Ask A Roofing Contractor? | Panda Exteriors
https://pandaexteriors.com/blog/when-the-sun-shines-we-shine-together-your-reasons-to-go-solar-part-1-3/,sitemap,200,,page,text/html,When The Sun Shines We Shine Together = Your Reasons To Go Solar! (PART 1/3) | Panda Exteriors
https://pandaexteriors.com/blog/when-the-sun-shines-we-shine-together-your-reasons-to-go-solar-part-2-3/,sitemap,200,,page,text/html,When The Sun Shines We Shine Together = Your Reasons To Go Solar! (PART 2/3) | Panda Exteriors
https://pandaexteriors.com/blog/when-the-sun-shines-we-shine-together-your-reasons-to-go-solar-part-3-3/,sitemap,200,,page,text/html,When The Sun Shines We Shine Together = Your Reasons To Go Solar! (PART 3/3) | Panda Exteriors
https://pandaexteriors.com/blog/why-fall-2024-is-the-best-time-to-combine-roof-upgrades-with-solar-installation-in-the-mid-atlantic/,sitemap,200,,page,text/html,Why Fall 2024 Is The Best Time To Combine Roof Upgrades With Solar Installation In The Mid-Atlantic | Panda Exteriors
https://pandaexteriors.com/blog/why-fall-is-the-best-season-to-replace-your-roof/,sitemap,200,,page,text/html,Why Fall Is The Best Season To Replace Your Roof | Panda Exteriors
https://pandaexteriors.com/blog/why-your-upstairs-gets-so-hot-in-summer-the-connection-between-roofing-ventilation-and-exterior-materials/,crawl,200,,page,text/html,"Why Your Upstairs Gets So Hot In Summer: The Connection Between Roofing, Ventilation, And Exterior Materials | Panda Exteriors"
https://pandaexteriors.com/blog/wind-and-hail-prep-what-to-fix-now-before-the-next-storm/,sitemap,200,,page,text/html,Wind And Hail Prep: What To Fix Now Before The Next Storm | Panda Exteriors
https://pandaexteriors.com/blog/winter-proof-your-home-roof-gutters-and-attic-upgrades-that-stop-ice-dams-and-heat-loss/,sitemap,200,,page,text/html,"Winter-Proof Your Home: Roof, Gutters, And Attic Upgrades That Stop Ice Dams And Heat Loss | Panda Exteriors"
https://pandaexteriors.com/blog/winter-ready-roofs-why-every-roof-needs-a-tune-up-before-first-freeze/,sitemap,200,,page,text/html,Winter-Ready Roofs: Why Every Roof Needs A Tune-Up Before First Freeze | Panda Exteriors
https://pandaexteriors.com/blog/winter-roof-repair-checklist-9-small-issues-to-fix-before-they-turn-into-big-leaks/,sitemap,200,,page,text/html,Winter Roof Repair Checklist: 9 Small Issues To Fix Before They Turn Into Big Leaks | Panda Exteriors
https://pandaexteriors.com/blog/winter-roof-replacement/,sitemap,200,,page,text/html,Winter Roof Replacement | Panda Exteriors
https://pandaexteriors.com/blog/yes-you-can-replace-your-roof-in-winter-pros-cons-and-how-panda-exteriors-makes-it-work/,sitemap,200,,page,text/html,"Yes, You Can Replace Your Roof In Winter: Pros, Cons, And How Panda Exteriors Makes It Work | Panda Exteriors"
https://pandaexteriors.com/careers/,sitemap,200,,page,text/html,Careers | Panda Exteriors
https://pandaexteriors.com/charity-and-community/,sitemap+crawl,200,,page,text/html,Charity And Community | Panda Exteriors
https://pandaexteriors.com/commercial-capabilities/,sitemap,200,,page,text/html,Commercial Roofing Services | Panda Exteriors
https://pandaexteriors.com/commerical-roofing/,sitemap+crawl,200,,page,text/html,Commercial Roofing Services | Panda Exteriors
https://pandaexteriors.com/commerical-roofing/roof-replacement/,sitemap+crawl,200,,page,text/html,Commercial Roof Replacements | Panda Exteriors
https://pandaexteriors.com/commerical-roofing/roof-types/,sitemap+crawl,200,,page,text/html,Commercial Roof Types | Panda Exteriors
https://pandaexteriors.com/contact-us/,sitemap+crawl,200,,page,text/html,Contact Us | Panda Exteriors
https://pandaexteriors.com/customer-service/,sitemap+crawl,200,,page,text/html,Customer Service | Panda Exteriors
https://pandaexteriors.com/faqs/,sitemap+crawl,200,,page,text/html,FAQs | Panda Exteriors
https://pandaexteriors.com/gallery/,sitemap+crawl,200,,page,text/html,Gallery | Panda Exteriors
https://pandaexteriors.com/gutters/,sitemap+crawl,200,,page,text/html,Gutter Replacements And Installations | Panda Exteriors
https://pandaexteriors.com/gutters/gutter-guards/,sitemap+crawl,200,,page,text/html,Gutter Guards | Panda Exteriors
https://pandaexteriors.com/interiors/,sitemap,200,,page,text/html,Interiors | Panda Exteriors
https://pandaexteriors.com/offers/,sitemap+crawl,200,,page,text/html,Special Offers And Savings | Panda Exteriors
https://pandaexteriors.com/past-projects/,sitemap+crawl,200,,page,text/html,Past Projects | Panda Exteriors
https://pandaexteriors.com/podcast/,sitemap+crawl,200,,page,text/html,Podcast | Panda Exteriors
https://pandaexteriors.com/position-details/,sitemap,200,,page,text/html,Position Details | Panda Exteriors
https://pandaexteriors.com/privacy-policy/,sitemap+crawl,200,,page,text/html,Privacy Policy | Panda Exteriors
https://pandaexteriors.com/referral/,crawl,200,,page,text/html,Refer a Future Panda | Panda Exteriors
https://pandaexteriors.com/referrals/,sitemap+crawl,200,,page,text/html,Refer And Earn | Panda Exteriors
https://pandaexteriors.com/reviews/,sitemap+crawl,200,,page,text/html,Reviews And Ratings | Panda Exteriors
https://pandaexteriors.com/roofing-costs/,sitemap+crawl,200,,page,text/html,Roofing Costs | Panda Exteriors
https://pandaexteriors.com/roofing/,sitemap+crawl,200,,page,text/html,Professional Roofing | Panda Exteriors
https://pandaexteriors.com/roofing/attic-insulation/,sitemap+crawl,200,,page,text/html,Attic Insulation | Panda Exteriors
https://pandaexteriors.com/roofing/repairs/,sitemap+crawl,200,,page,text/html,Roof Repair Services | Panda Exteriors
https://pandaexteriors.com/roofing/replacement/,sitemap+crawl,200,,page,text/html,Roof Replacement Services | Panda Exteriors
https://pandaexteriors.com/roofing/residential/,sitemap+crawl,200,,page,text/html,Residential Roofing Services | Panda Exteriors
https://pandaexteriors.com/roofing/types/,sitemap+crawl,200,,page,text/html,Roof Types And Materials | Panda Exteriors
https://pandaexteriors.com/service-areas/,sitemap+crawl,200,,page,text/html,Service Areas | Panda Exteriors
https://pandaexteriors.com/services/,sitemap+crawl,200,,page,text/html,Roofing Services | Panda Exteriors
https://pandaexteriors.com/siding/,sitemap+crawl,200,,page,text/html,Siding Replacements And Installations | Panda Exteriors
https://pandaexteriors.com/site-map/,sitemap+crawl,200,,page,text/html,Site Map | Panda Exteriors
https://pandaexteriors.com/solar/,sitemap+crawl,200,,page,text/html,Solar Roofing Services | Panda Exteriors
https://pandaexteriors.com/solar/gaf-solar-roof/,sitemap+crawl,200,,page,text/html,GAF Solar Roof Solutions | Panda Exteriors
https://pandaexteriors.com/solar/solar-panel-installations/,sitemap+crawl,200,,page,text/html,Solar Panel Installations | Panda Exteriors
https://pandaexteriors.com/terms-and-conditions/,sitemap+crawl,200,,page,text/html,Terms And Conditions | Panda Exteriors
https://pandaexteriors.com/thank-you/,sitemap,200,,page,text/html,Thank You | Panda Exteriors
https://pandaexteriors.com/pandav1-capture-404-check/,special,404,,404-page,text/html,
https://pandaexteriors.com/blog,crawl,301,https://pandaexteriors.com/blog/,redirect,text/html,
https://pandaexteriors.com/favicon.ico,special,302,https://pandaexteriors.com/wp-content/uploads/2025/04/favicon-16x16-1.png,redirect,,
https://pandaexteriors.com/laurel-md,crawl,301,https://pandaexteriors.com/laurel-md/,redirect,text/html,
https://pandaexteriors.com/philadelphia-pa,crawl,301,https://pandaexteriors.com/philadelphia-pa/,redirect,text/html,
https://pandaexteriors.com/privacy-policy,crawl,301,https://pandaexteriors.com/privacy-policy/,redirect,text/html,
https://pandaexteriors.com/services,crawl,301,https://pandaexteriors.com/services/,redirect,text/html,
https://pandaexteriors.com/terms-and-conditions,crawl,301,https://pandaexteriors.com/terms-and-conditions/,redirect,text/html,
https://www.pandaexteriors.com/customer-service/,crawl,301,https://pandaexteriors.com/customer-service/,redirect,text/html,
https://www.pandaexteriors.com/gallery/,crawl,301,https://pandaexteriors.com/gallery/,redirect,text/html,
https://www.pandaexteriors.com/past-projects/,crawl,301,https://pandaexteriors.com/past-projects/,redirect,text/html,
https://www.pandaexteriors.com/privacy-policy/,crawl,301,https://pandaexteriors.com/privacy-policy/,redirect,text/html,
https://pandaexteriors.com/powerwash/,crawl,404,,error,text/html,
https://pandaexteriors.com/window-replacement/,crawl,404,,error,text/html,
https://pandaexteriors.com/feed/,special,200,,feed,application/rss+xml,
https://pandaexteriors.com/local-sitemap.xml,special,200,,sitemap,text/xml,
https://pandaexteriors.com/page-sitemap.xml,special,200,,sitemap,text/xml,
https://pandaexteriors.com/post-sitemap.xml,special,200,,sitemap,text/xml,
https://pandaexteriors.com/project-sitemap1.xml,special,200,,sitemap,text/xml,
https://pandaexteriors.com/project-sitemap10.xml,special,200,,sitemap,text/xml,
https://pandaexteriors.com/project-sitemap11.xml,special,200,,sitemap,text/xml,
https://pandaexteriors.com/project-sitemap12.xml,special,200,,sitemap,text/xml,
https://pandaexteriors.com/project-sitemap13.xml,special,200,,sitemap,text/xml,
https://pandaexteriors.com/project-sitemap14.xml,special,200,,sitemap,text/xml,
https://pandaexteriors.com/project-sitemap15.xml,special,200,,sitemap,text/xml,
https://pandaexteriors.com/project-sitemap16.xml,special,200,,sitemap,text/xml,
https://pandaexteriors.com/project-sitemap17.xml,special,200,,sitemap,text/xml,
https://pandaexteriors.com/project-sitemap18.xml,special,200,,sitemap,text/xml,
https://pandaexteriors.com/project-sitemap19.xml,special,200,,sitemap,text/xml,
https://pandaexteriors.com/project-sitemap2.xml,special,200,,sitemap,text/xml,
https://pandaexteriors.com/project-sitemap20.xml,special,200,,sitemap,text/xml,
https://pandaexteriors.com/project-sitemap21.xml,special,200,,sitemap,text/xml,
https://pandaexteriors.com/project-sitemap22.xml,special,200,,sitemap,text/xml,
https://pandaexteriors.com/project-sitemap23.xml,special,200,,sitemap,text/xml,
https://pandaexteriors.com/project-sitemap24.xml,special,200,,sitemap,text/xml,
https://pandaexteriors.com/project-sitemap25.xml,special,200,,sitemap,text/xml,
https://pandaexteriors.com/project-sitemap26.xml,special,200,,sitemap,text/xml,
https://pandaexteriors.com/project-sitemap27.xml,special,200,,sitemap,text/xml,
https://pandaexteriors.com/project-sitemap28.xml,special,200,,sitemap,text/xml,
https://pandaexteriors.com/project-sitemap3.xml,special,200,,sitemap,text/xml,
https://pandaexteriors.com/project-sitemap4.xml,special,200,,sitemap,text/xml,
https://pandaexteriors.com/project-sitemap5.xml,special,200,,sitemap,text/xml,
https://pandaexteriors.com/project-sitemap6.xml,special,200,,sitemap,text/xml,
https://pandaexteriors.com/project-sitemap7.xml,special,200,,sitemap,text/xml,
https://pandaexteriors.com/project-sitemap8.xml,special,200,,sitemap,text/xml,
https://pandaexteriors.com/project-sitemap9.xml,special,200,,sitemap,text/xml,
https://pandaexteriors.com/sitemap_index.xml,special,200,,sitemap,text/xml,
https://pandaexteriors.com/main-sitemap.xsl,special,200,,sitemap-stylesheet,text/xml,
https://pandaexteriors.com/robots.txt,special,200,,robots,text/plain,
https://pandaexteriors.com/site.webmanifest,special,404,,manifest,text/html,
https://pandaexteriors.com/wp-content/uploads/2025/04/favicon-16x16-1.png,special,200,,icon,image/png,
https://pandaexteriors.com/locations.kml,sitemap,200,,xml,text/xml,
