url,viewport,live_size,local_size,height_delta_px,diff_pixels,diff_pct,result,page_html,live_site_requests,js_errors_live,js_errors_local,error
https://pandaexteriors.com/,desktop,1440×7954,1440×8161,207,2055952,17.495,EDITED,as-delivered,0,2,2,
https://pandaexteriors.com/,mobile,390×14621,390×15087,466,980443,16.663,EDITED,as-delivered,0,2,2,
https://pandaexteriors.com/about/,desktop,1440×4672,1440×4869,197,1437603,20.504,EDITED,rendered,0,3,2,
https://pandaexteriors.com/about/,mobile,390×7396,390×8405,1009,1343692,40.992,EDITED,rendered,0,3,2,
https://pandaexteriors.com/affirm-payment/,desktop,1440×900,1440×900,0,1287,0.099,PASS,rendered,0,3,3,
https://pandaexteriors.com/affirm-payment/,mobile,390×844,390×844,0,1287,0.391,PASS,rendered,0,3,3,
https://pandaexteriors.com/blog/,desktop,1440×3303,1440×3303,0,2312,0.049,PASS,rendered,0,3,3,
https://pandaexteriors.com/blog/,mobile,390×7720,390×7720,0,2308,0.077,PASS,rendered,0,3,3,
https://pandaexteriors.com/blog/10-questions-to-ask-before-signing-a-roof-replacement-contract/,desktop,1440×6632,1440×6632,0,2312,0.024,PASS,rendered,0,4,3,
https://pandaexteriors.com/blog/10-questions-to-ask-before-signing-a-roof-replacement-contract/,mobile,390×11643,390×11643,0,2308,0.051,PASS,rendered,0,4,3,
https://pandaexteriors.com/blog/15-questions-to-ask-before-you-hire-a-roofer/,desktop,1440×5700,1440×5700,0,2312,0.028,PASS,rendered,0,4,3,
https://pandaexteriors.com/blog/15-questions-to-ask-before-you-hire-a-roofer/,mobile,390×11471,390×11471,0,2308,0.052,PASS,rendered,0,4,3,
https://pandaexteriors.com/blog/5-benefits-of-hiring-a-professional-for-roof-replacement/,desktop,1440×3538,1440×3538,0,2312,0.045,PASS,rendered,0,4,3,
https://pandaexteriors.com/blog/5-benefits-of-hiring-a-professional-for-roof-replacement/,mobile,390×6733,390×6733,0,2308,0.088,PASS,rendered,0,4,3,
https://pandaexteriors.com/blog/5-benefits-of-replacing-your-roof-before-the-holidays/,desktop,1440×5351,1440×5351,0,2312,0.030,PASS,rendered,0,4,3,
https://pandaexteriors.com/blog/5-benefits-of-replacing-your-roof-before-the-holidays/,mobile,390×10138,390×10138,0,2308,0.058,PASS,rendered,0,4,3,
https://pandaexteriors.com/blog/5-signs-its-time-to-replace-your-roof-before-it-costs-you-more/,desktop,1440×5221,1440×5221,0,2312,0.031,PASS,rendered,0,4,3,
https://pandaexteriors.com/blog/5-signs-its-time-to-replace-your-roof-before-it-costs-you-more/,mobile,390×10203,390×10203,0,2308,0.058,PASS,rendered,0,4,3,
https://pandaexteriors.com/blog/actual-cash-value-vs-replacement-cost-how-your-roof-insurance-payout-is-calculated/,desktop,1440×5789,1440×5789,0,2312,0.028,PASS,rendered,0,4,3,
https://pandaexteriors.com/blog/actual-cash-value-vs-replacement-cost-how-your-roof-insurance-payout-is-calculated/,mobile,390×10845,390×10845,0,2308,0.055,PASS,rendered,0,4,3,
https://pandaexteriors.com/blog/adding-solar-to-your-mid-atlantic-home-what-to-know/,desktop,1440×3721,1440×3721,0,2312,0.043,PASS,rendered,0,4,3,
https://pandaexteriors.com/blog/adding-solar-to-your-mid-atlantic-home-what-to-know/,mobile,390×7425,390×7425,0,2308,0.080,PASS,rendered,0,4,3,
https://pandaexteriors.com/blog/are-skylights-for-you-and-your-roof/,desktop,1440×3378,1440×3378,0,2312,0.048,PASS,rendered,0,4,3,
https://pandaexteriors.com/blog/are-skylights-for-you-and-your-roof/,mobile,390×6302,390×6302,0,2308,0.094,PASS,rendered,0,4,3,
https://pandaexteriors.com/blog/beat-summer-energy-bills-cut-your-costs-by-90/,desktop,1440×4535,1440×4535,0,2312,0.035,PASS,rendered,0,4,3,
https://pandaexteriors.com/blog/beat-summer-energy-bills-cut-your-costs-by-90/,mobile,390×8312,390×8312,0,2308,0.071,PASS,rendered,0,4,3,
https://pandaexteriors.com/blog/beat-the-next-noreaster-why-scheduling-your-roof-replacement-before-deep-winter-saves-you-money/,desktop,1440×6011,1440×6011,0,2312,0.027,PASS,rendered,0,4,3,
https://pandaexteriors.com/blog/beat-the-next-noreaster-why-scheduling-your-roof-replacement-before-deep-winter-saves-you-money/,mobile,390×11119,390×11119,0,2308,0.053,PASS,rendered,0,4,3,
https://pandaexteriors.com/blog/before-school-starts-august-is-the-perfect-time-for-solar-roof-installation/,desktop,1440×6324,1440×6324,0,2312,0.025,PASS,rendered,0,4,3,
https://pandaexteriors.com/blog/before-school-starts-august-is-the-perfect-time-for-solar-roof-installation/,mobile,390×11847,390×11847,0,2308,0.050,PASS,rendered,0,4,3,
https://pandaexteriors.com/blog/best-exterior-upgrades-before-peak-summer-heat-roofing-and-siding-improvements-that-help-protect-your-home/,desktop,1440×11731,1440×11731,0,2312,0.014,PASS,rendered,0,4,3,
https://pandaexteriors.com/blog/best-exterior-upgrades-before-peak-summer-heat-roofing-and-siding-improvements-that-help-protect-your-home/,mobile,390×18328,390×18328,0,2308,0.032,PASS,rendered,0,4,3,
https://pandaexteriors.com/blog/best-time-to-go-solar-why-spring-is-a-smart-season-to-pair-roofing-and-solar-upgrades/,desktop,1440×4860,1440×4860,0,2312,0.033,PASS,rendered,0,4,3,
https://pandaexteriors.com/blog/best-time-to-go-solar-why-spring-is-a-smart-season-to-pair-roofing-and-solar-upgrades/,mobile,390×9777,390×9777,0,2308,0.061,PASS,rendered,0,4,3,
https://pandaexteriors.com/blog/can-you-repair-a-roof-in-freezing-weather-what-homeowners-need-to-know/,desktop,1440×6088,1440×6088,0,2312,0.026,PASS,rendered,0,4,3,
https://pandaexteriors.com/blog/can-you-repair-a-roof-in-freezing-weather-what-homeowners-need-to-know/,mobile,390×11716,390×11716,0,2308,0.051,PASS,rendered,0,4,3,
https://pandaexteriors.com/blog/can-you-replace-a-roof-in-the-winter-yes-but-heres-the-catch/,desktop,1440×5768,1440×5768,0,2312,0.028,PASS,rendered,0,4,3,
https://pandaexteriors.com/blog/can-you-replace-a-roof-in-the-winter-yes-but-heres-the-catch/,mobile,390×10496,390×10496,0,2308,0.056,PASS,rendered,0,4,3,
https://pandaexteriors.com/blog/commercial-roofing-industry-and-the-future/,desktop,1440×4996,1440×4996,0,2312,0.032,PASS,rendered,0,4,3,
https://pandaexteriors.com/blog/commercial-roofing-industry-and-the-future/,mobile,390×10673,390×10673,0,2308,0.055,PASS,rendered,0,4,3,
https://pandaexteriors.com/blog/denied-or-lowballed-how-panda-exteriors-helps-you-re-open-your-winter-roof-insurance-claim/,desktop,1440×5789,1440×5789,0,2312,0.028,PASS,rendered,0,4,3,
https://pandaexteriors.com/blog/denied-or-lowballed-how-panda-exteriors-helps-you-re-open-your-winter-roof-insurance-claim/,mobile,390×11161,390×11161,0,2308,0.053,PASS,rendered,0,4,3,
https://pandaexteriors.com/blog/do-you-need-a-new-roof/,desktop,1440×3334,1440×3334,0,2312,0.048,PASS,rendered,0,4,3,
https://pandaexteriors.com/blog/do-you-need-a-new-roof/,mobile,390×6083,390×6083,0,2308,0.097,PASS,rendered,0,4,3,
https://pandaexteriors.com/blog/does-homeowners-insurance-cover-roof-leaks-what-homeowners-need-to-know/,desktop,1440×6089,1440×6089,0,2312,0.026,PASS,rendered,0,4,3,
https://pandaexteriors.com/blog/does-homeowners-insurance-cover-roof-leaks-what-homeowners-need-to-know/,mobile,390×12103,390×12103,0,2308,0.049,PASS,rendered,0,4,3,
https://pandaexteriors.com/blog/does-your-roof-help-or-hurt-your-curb-appeal/,desktop,1440×3481,1440×3481,0,2312,0.046,PASS,rendered,0,4,3,
https://pandaexteriors.com/blog/does-your-roof-help-or-hurt-your-curb-appeal/,mobile,390×6687,390×6687,0,2308,0.088,PASS,rendered,0,4,3,
https://pandaexteriors.com/blog/freeze-thaw-damage-the-hidden-problem-after-cold-snaps/,desktop,1440×5627,1440×5627,0,2312,0.029,PASS,rendered,0,4,3,
https://pandaexteriors.com/blog/freeze-thaw-damage-the-hidden-problem-after-cold-snaps/,mobile,390×12270,390×12270,0,2308,0.048,PASS,rendered,0,4,3,
https://pandaexteriors.com/blog/from-emergency-tarp-to-full-replacement-turning-winter-roof-damage-into-a-long-term-upgrade/,desktop,1440×6784,1440×6784,0,2312,0.024,PASS,rendered,0,4,3,
https://pandaexteriors.com/blog/from-emergency-tarp-to-full-replacement-turning-winter-roof-damage-into-a-long-term-upgrade/,mobile,390×12627,390×12627,0,2308,0.047,PASS,rendered,0,4,3,
https://pandaexteriors.com/blog/gaf-solar-shingles-maintenance/,desktop,1440×7669,1440×7669,0,2312,0.021,PASS,rendered,0,4,3,
https://pandaexteriors.com/blog/gaf-solar-shingles-maintenance/,mobile,390×13227,390×13227,0,2308,0.045,PASS,rendered,0,4,3,
https://pandaexteriors.com/blog/gaf-timberline-solar-shingles-installation/,desktop,1440×5608,1440×5608,0,2312,0.029,PASS,rendered,0,4,3,
https://pandaexteriors.com/blog/gaf-timberline-solar-shingles-installation/,mobile,390×11014,390×11014,0,2308,0.054,PASS,rendered,0,4,3,
https://pandaexteriors.com/blog/gutters-after-winter-cleaning-realignment-and-downspout-flow-tests/,desktop,1440×5768,1440×5768,0,2312,0.028,PASS,rendered,0,4,3,
https://pandaexteriors.com/blog/gutters-after-winter-cleaning-realignment-and-downspout-flow-tests/,mobile,390×12001,390×12001,0,2308,0.049,PASS,rendered,0,4,3,
https://pandaexteriors.com/blog/gutters-after-winter-signs-its-time-for-repair-or-replacement/,desktop,1440×4852,1440×4852,0,2312,0.033,PASS,rendered,0,4,3,
https://pandaexteriors.com/blog/gutters-after-winter-signs-its-time-for-repair-or-replacement/,mobile,390×9994,390×9994,0,2308,0.059,PASS,rendered,0,4,3,
https://pandaexteriors.com/blog/home-exteriors-replacement-tips/,desktop,1440×3458,1440×3458,0,2312,0.046,PASS,rendered,0,4,3,
https://pandaexteriors.com/blog/home-exteriors-replacement-tips/,mobile,390×7061,390×7061,0,2308,0.084,PASS,rendered,0,4,3,
https://pandaexteriors.com/blog/how-a-new-roof-can-lower-your-heating-bills-this-winter/,desktop,1440×6026,1440×6026,0,2312,0.027,PASS,rendered,0,4,3,
https://pandaexteriors.com/blog/how-a-new-roof-can-lower-your-heating-bills-this-winter/,mobile,390×10838,390×10838,0,2308,0.055,PASS,rendered,0,4,3,
https://pandaexteriors.com/blog/how-did-solar-energy-become-so-cheap/,desktop,1440×3986,1440×3986,0,2312,0.040,PASS,rendered,0,4,3,
https://pandaexteriors.com/blog/how-did-solar-energy-become-so-cheap/,mobile,390×7972,390×7972,0,2308,0.074,PASS,rendered,0,4,3,
https://pandaexteriors.com/blog/how-hot-weather-affects-solar-roof-output/,desktop,1440×5452,1440×5452,0,2312,0.029,PASS,rendered,0,4,3,
https://pandaexteriors.com/blog/how-hot-weather-affects-solar-roof-output/,mobile,390×10865,390×10865,0,2308,0.054,PASS,rendered,0,4,3,
https://pandaexteriors.com/blog/how-long-do-you-have-to-file-a-roof-insurance-claim-after-a-storm/,desktop,1440×6552,1440×6552,0,2312,0.025,PASS,rendered,0,4,3,
https://pandaexteriors.com/blog/how-long-do-you-have-to-file-a-roof-insurance-claim-after-a-storm/,mobile,390×12552,390×12552,0,2308,0.047,PASS,rendered,0,4,3,
https://pandaexteriors.com/blog/how-long-does-a-roof-really-last/,desktop,1440×5754,1440×5754,0,2964,0.036,EDITED,rendered,0,4,2,
https://pandaexteriors.com/blog/how-long-does-a-roof-really-last/,mobile,390×10954,390×10954,0,2932,0.069,EDITED,rendered,0,4,2,
https://pandaexteriors.com/blog/how-summer-heat-damages-your-roof-shingle-curling-granule-loss-and-ventilation-warning-signs/,desktop,1440×8691,1440×8691,0,2312,0.018,PASS,rendered,0,4,3,
https://pandaexteriors.com/blog/how-summer-heat-damages-your-roof-shingle-curling-granule-loss-and-ventilation-warning-signs/,mobile,390×14996,390×14996,0,2308,0.039,PASS,rendered,0,4,3,
https://pandaexteriors.com/blog/how-to-budget-for-a-new-roof-without-the-sticker-shock/,desktop,1440×5816,1440×5816,0,2312,0.028,PASS,rendered,0,4,3,
https://pandaexteriors.com/blog/how-to-budget-for-a-new-roof-without-the-sticker-shock/,mobile,390×10974,390×10974,0,2308,0.054,PASS,rendered,0,4,3,
https://pandaexteriors.com/blog/how-to-choose-the-right-roofing-contractor/,desktop,1440×5205,1440×5205,0,2312,0.031,PASS,rendered,0,4,2,
https://pandaexteriors.com/blog/how-to-choose-the-right-roofing-contractor/,mobile,390×9285,390×9285,0,2308,0.064,PASS,rendered,0,4,2,
https://pandaexteriors.com/blog/how-to-clean-solar-panels-and-shingles/,desktop,1440×6106,1440×6106,0,2312,0.026,PASS,rendered,0,4,3,
https://pandaexteriors.com/blog/how-to-clean-solar-panels-and-shingles/,mobile,390×10203,390×10203,0,2308,0.058,PASS,rendered,0,4,3,
https://pandaexteriors.com/blog/how-we-were-able-to-rank-50-nationwide-as-the-fastest-growing-company-by-inc-5000/,desktop,1440×3691,1440×3691,0,2312,0.043,PASS,rendered,0,4,3,
https://pandaexteriors.com/blog/how-we-were-able-to-rank-50-nationwide-as-the-fastest-growing-company-by-inc-5000/,mobile,390×7347,390×7347,0,2308,0.081,PASS,rendered,0,4,3,
https://pandaexteriors.com/blog/ice-dams-101-what-they-are-and-how-to-stop-them/,desktop,1440×5084,1440×5084,0,5516,0.075,PASS,rendered,0,4,2,
https://pandaexteriors.com/blog/ice-dams-101-what-they-are-and-how-to-stop-them/,mobile,390×10551,390×10551,0,2308,0.056,PASS,rendered,0,4,2,
https://pandaexteriors.com/blog/insurance-paid-roof-replacements-a-simple-guide-for-wind-hail-and-ice-damage-claims/,desktop,1440×6508,1440×6508,0,2312,0.025,PASS,rendered,0,4,3,
https://pandaexteriors.com/blog/insurance-paid-roof-replacements-a-simple-guide-for-wind-hail-and-ice-damage-claims/,mobile,390×12219,390×12219,0,2308,0.048,PASS,rendered,0,4,3,
https://pandaexteriors.com/blog/insurance-roofing-in-spring-the-homeowners-field-guide-to-wind-and-hail-claims/,desktop,1440×4775,1440×4775,0,2312,0.034,PASS,rendered,0,4,3,
https://pandaexteriors.com/blog/insurance-roofing-in-spring-the-homeowners-field-guide-to-wind-and-hail-claims/,mobile,390×9968,390×9968,0,2308,0.059,PASS,rendered,0,4,3,
https://pandaexteriors.com/blog/is-it-safe-to-install-a-new-roof-in-the-winter-myths-vs-facts/,desktop,1440×3937,1440×3937,0,2312,0.041,PASS,rendered,0,4,3,
https://pandaexteriors.com/blog/is-it-safe-to-install-a-new-roof-in-the-winter-myths-vs-facts/,mobile,390×7971,390×7971,0,2308,0.074,PASS,rendered,0,4,3,
https://pandaexteriors.com/blog/is-your-attic-costing-you-money-this-spring-how-insulation-affects-roof-health-and-energy-bills/,desktop,1440×4715,1440×4715,0,2312,0.034,PASS,rendered,0,4,3,
https://pandaexteriors.com/blog/is-your-attic-costing-you-money-this-spring-how-insulation-affects-roof-health-and-energy-bills/,mobile,390×9570,390×9570,0,2308,0.062,PASS,rendered,0,4,3,
https://pandaexteriors.com/blog/is-your-roof-ready-for-snow-how-to-prepare-before-the-first-flake-falls/,desktop,1440×5313,1440×5313,0,2312,0.030,PASS,rendered,0,4,3,
https://pandaexteriors.com/blog/is-your-roof-ready-for-snow-how-to-prepare-before-the-first-flake-falls/,mobile,390×9931,390×9931,0,2308,0.060,PASS,rendered,0,4,3,
https://pandaexteriors.com/blog/is-your-siding-fading-from-sun-exposure-when-summer-uv-damage-means-its-time-to-replace/,desktop,1440×10969,1440×10969,0,2312,0.015,PASS,rendered,0,4,3,
https://pandaexteriors.com/blog/is-your-siding-fading-from-sun-exposure-when-summer-uv-damage-means-its-time-to-replace/,mobile,390×17921,390×17921,0,2308,0.033,PASS,rendered,0,4,3,
https://pandaexteriors.com/blog/offer/10-off-roof-replacement/,desktop,1440×2467,1440×2467,0,2312,0.065,PASS,rendered,0,3,2,
https://pandaexteriors.com/blog/offer/10-off-roof-replacement/,mobile,390×4302,390×4302,0,2308,0.138,PASS,rendered,0,3,2,
https://pandaexteriors.com/blog/offer/1500-off-solar-project/,desktop,1440×2346,1440×2346,0,2312,0.068,PASS,rendered,0,3,2,
https://pandaexteriors.com/blog/offer/1500-off-solar-project/,mobile,390×4050,390×4050,0,2308,0.146,PASS,rendered,0,3,2,
https://pandaexteriors.com/blog/offer/find-out-about-our-no-interest-financial-options/,desktop,1440×2909,1440×2909,0,2312,0.055,PASS,rendered,0,3,2,
https://pandaexteriors.com/blog/offer/find-out-about-our-no-interest-financial-options/,mobile,390×5302,390×5302,0,2308,0.112,PASS,rendered,0,3,2,
https://pandaexteriors.com/blog/offer/our-installation-work-is-completed-by-certified-professionals/,desktop,1440×2497,1440×2497,0,2312,0.064,PASS,rendered,0,3,2,
https://pandaexteriors.com/blog/offer/our-installation-work-is-completed-by-certified-professionals/,mobile,390×4639,390×4639,0,2308,0.128,PASS,rendered,0,3,2,
https://pandaexteriors.com/blog/offer/professional-remodels-backed-by-a-100-satisfaction-guarantee/,desktop,1440×2895,1440×2895,0,2312,0.055,PASS,rendered,0,3,2,
https://pandaexteriors.com/blog/offer/professional-remodels-backed-by-a-100-satisfaction-guarantee/,mobile,390×5579,390×5579,0,2308,0.106,PASS,rendered,0,3,2,
https://pandaexteriors.com/blog/often-overlooked-roofing-issues-and-items/,desktop,1440×3626,1440×3626,0,2312,0.044,PASS,rendered,0,4,3,
https://pandaexteriors.com/blog/often-overlooked-roofing-issues-and-items/,mobile,390×7161,390×7161,0,2308,0.083,PASS,rendered,0,4,3,
https://pandaexteriors.com/blog/page/10/,desktop,1440×3247,1440×3247,0,2312,0.049,PASS,rendered,0,3,3,
https://pandaexteriors.com/blog/page/10/,mobile,390×7536,390×7536,0,2308,0.079,PASS,rendered,0,3,3,
https://pandaexteriors.com/blog/page/11/,desktop,1440×3239,1440×3239,0,2312,0.050,PASS,rendered,0,3,3,
https://pandaexteriors.com/blog/page/11/,mobile,390×7280,390×7280,0,2308,0.081,PASS,rendered,0,3,3,
https://pandaexteriors.com/blog/page/12/,desktop,1440×3159,1440×3159,0,2312,0.051,PASS,rendered,0,3,3,
https://pandaexteriors.com/blog/page/12/,mobile,390×7120,390×7120,0,2308,0.083,PASS,rendered,0,3,3,
https://pandaexteriors.com/blog/page/13/,desktop,1440×3111,1440×3111,0,2312,0.052,PASS,rendered,0,3,3,
https://pandaexteriors.com/blog/page/13/,mobile,390×7120,390×7120,0,2308,0.083,PASS,rendered,0,3,3,
https://pandaexteriors.com/blog/page/14/,desktop,1440×3063,1440×3063,0,2312,0.052,PASS,rendered,0,3,3,
https://pandaexteriors.com/blog/page/14/,mobile,390×6904,390×6904,0,2308,0.086,PASS,rendered,0,3,3,
https://pandaexteriors.com/blog/page/15/,desktop,1440×3199,1440×3199,0,2312,0.050,PASS,rendered,0,3,3,
https://pandaexteriors.com/blog/page/15/,mobile,390×7104,390×7104,0,2308,0.083,PASS,rendered,0,3,3,
https://pandaexteriors.com/blog/page/16/,desktop,1440×2507,1440×2507,0,2312,0.064,PASS,rendered,0,3,3,
https://pandaexteriors.com/blog/page/16/,mobile,390×4664,390×4664,0,2308,0.127,PASS,rendered,0,3,3,
https://pandaexteriors.com/blog/page/2/,desktop,1440×3311,1440×3311,0,2312,0.048,PASS,rendered,0,3,3,
https://pandaexteriors.com/blog/page/2/,mobile,390×7624,390×7624,0,2308,0.078,PASS,rendered,0,3,3,
https://pandaexteriors.com/blog/page/3/,desktop,1440×3271,1440×3271,0,2312,0.049,PASS,rendered,0,3,3,
https://pandaexteriors.com/blog/page/3/,mobile,390×7592,390×7592,0,2308,0.078,PASS,rendered,0,3,3,
https://pandaexteriors.com/blog/page/4/,desktop,1440×3303,1440×3303,0,2312,0.049,PASS,rendered,0,3,3,
https://pandaexteriors.com/blog/page/4/,mobile,390×7712,390×7712,0,2308,0.077,PASS,rendered,0,3,3,
https://pandaexteriors.com/blog/page/5/,desktop,1440×3279,1440×3279,0,2312,0.049,PASS,rendered,0,3,3,
https://pandaexteriors.com/blog/page/5/,mobile,390×7624,390×7624,0,2308,0.078,PASS,rendered,0,3,3,
https://pandaexteriors.com/blog/page/6/,desktop,1440×3255,1440×3255,0,2312,0.049,PASS,rendered,0,3,3,
https://pandaexteriors.com/blog/page/6/,mobile,390×7624,390×7624,0,2308,0.078,PASS,rendered,0,3,3,
https://pandaexteriors.com/blog/page/7/,desktop,1440×3263,1440×3263,0,2312,0.049,PASS,rendered,0,3,3,
https://pandaexteriors.com/blog/page/7/,mobile,390×7600,390×7600,0,2308,0.078,PASS,rendered,0,3,3,
https://pandaexteriors.com/blog/page/8/,desktop,1440×3295,1440×3295,0,2312,0.049,PASS,rendered,0,3,3,
https://pandaexteriors.com/blog/page/8/,mobile,390×7544,390×7544,0,2308,0.078,PASS,rendered,0,3,3,
https://pandaexteriors.com/blog/page/9/,desktop,1440×3295,1440×3295,0,2312,0.049,PASS,rendered,0,3,3,
https://pandaexteriors.com/blog/page/9/,mobile,390×7776,390×7776,0,2308,0.076,PASS,rendered,0,3,3,
https://pandaexteriors.com/blog/project/brookfield-properties/,desktop,1440×3052,1440×3052,0,1287,0.029,PASS,rendered,0,3,3,
https://pandaexteriors.com/blog/project/brookfield-properties/,mobile,390×3815,390×3815,0,1287,0.087,PASS,rendered,0,3,3,
https://pandaexteriors.com/blog/project/bylt-restoration/,desktop,1440×1062,1440×1062,0,1287,0.084,PASS,rendered,0,3,3,
https://pandaexteriors.com/blog/project/bylt-restoration/,mobile,390×1612,390×1612,0,1287,0.205,PASS,rendered,0,3,3,
https://pandaexteriors.com/blog/project/chapel-branch-apartments/,desktop,1440×3930,1440×3930,0,1287,0.023,PASS,rendered,0,3,3,
https://pandaexteriors.com/blog/project/chapel-branch-apartments/,mobile,390×4624,390×4624,0,1287,0.071,PASS,rendered,0,3,3,
https://pandaexteriors.com/blog/project/enterprise-rent-a-car/,desktop,1440×1062,1440×1062,0,1287,0.084,PASS,rendered,0,3,3,
https://pandaexteriors.com/blog/project/enterprise-rent-a-car/,mobile,390×1612,390×1612,0,1287,0.205,PASS,rendered,0,3,3,
https://pandaexteriors.com/blog/project/expert-tpo-roofing/,desktop,1440×3504,1440×3504,0,1287,0.026,PASS,rendered,0,3,3,
https://pandaexteriors.com/blog/project/expert-tpo-roofing/,mobile,390×4318,390×4318,0,1287,0.076,PASS,rendered,0,3,3,
https://pandaexteriors.com/blog/project/linear-accelerator-roof-replacement/,desktop,1440×3930,1440×3930,0,1287,0.023,PASS,rendered,0,3,3,
https://pandaexteriors.com/blog/project/linear-accelerator-roof-replacement/,mobile,390×4624,390×4624,0,1287,0.071,PASS,rendered,0,3,3,
https://pandaexteriors.com/blog/project/panda-ext-11425/,desktop,1440×2420,1440×2420,0,1287,0.037,PASS,rendered,0,3,3,
https://pandaexteriors.com/blog/project/panda-ext-11425/,mobile,390×2970,390×2970,0,1287,0.111,PASS,rendered,0,3,3,
https://pandaexteriors.com/blog/project/panda-ext-11531/,desktop,1440×2420,1440×2420,0,1287,0.037,PASS,rendered,0,3,3,
https://pandaexteriors.com/blog/project/panda-ext-11531/,mobile,390×2970,390×2970,0,1287,0.111,PASS,rendered,0,3,3,
https://pandaexteriors.com/blog/project/panda-ext-14098/,desktop,1440×2420,1440×2420,0,1287,0.037,PASS,rendered,0,3,3,
https://pandaexteriors.com/blog/project/panda-ext-14098/,mobile,390×2970,390×2970,0,1287,0.111,PASS,rendered,0,3,3,
https://pandaexteriors.com/blog/project/panda-ext-14513/,desktop,1440×2420,1440×2420,0,1287,0.037,PASS,rendered,0,3,3,
https://pandaexteriors.com/blog/project/panda-ext-14513/,mobile,390×2970,390×2970,0,1287,0.111,PASS,rendered,0,3,3,
https://pandaexteriors.com/blog/project/panda-ext-14532/,desktop,1440×2420,1440×2420,0,1287,0.037,PASS,rendered,0,3,3,
https://pandaexteriors.com/blog/project/panda-ext-14532/,mobile,390×2970,390×2970,0,1403,0.121,PASS,rendered,0,3,3,
https://pandaexteriors.com/blog/project/panda-ext-15321/,desktop,1440×3919,1440×3919,0,26456,0.469,PASS,rendered,0,3,3,
https://pandaexteriors.com/blog/project/panda-ext-15321/,mobile,390×4426,390×4426,0,1287,0.075,PASS,rendered,0,3,3,
https://pandaexteriors.com/blog/project/panda-exteriors-hq/,desktop,1440×2795,1440×2795,0,1287,0.032,PASS,rendered,0,3,3,
https://pandaexteriors.com/blog/project/panda-exteriors-hq/,mobile,390×2942,390×2942,0,1824,0.159,PASS,rendered,0,3,3,
https://pandaexteriors.com/blog/project/roof-replacement-2/,desktop,1440×2894,1440×2894,0,1287,0.031,PASS,rendered,0,3,3,
https://pandaexteriors.com/blog/project/roof-replacement-2/,mobile,390×3444,390×3444,0,1287,0.096,PASS,rendered,0,3,3,
https://pandaexteriors.com/blog/project/roof-replacement-3/,desktop,1440×4316,1440×4316,0,1287,0.021,PASS,rendered,0,3,3,
https://pandaexteriors.com/blog/project/roof-replacement-3/,mobile,390×4866,390×4866,0,1287,0.068,PASS,rendered,0,3,3,
https://pandaexteriors.com/blog/project/roof-replacement-gutter-guards/,desktop,1440×3368,1440×3368,0,1287,0.027,PASS,rendered,0,3,3,
https://pandaexteriors.com/blog/project/roof-replacement-gutter-guards/,mobile,390×3918,390×3918,0,1287,0.084,PASS,rendered,0,3,3,
https://pandaexteriors.com/blog/project/roof-replacement/,desktop,1440×4316,1440×4316,0,1287,0.021,PASS,rendered,0,3,3,
https://pandaexteriors.com/blog/project/roof-replacement/,mobile,390×4866,390×4866,0,1287,0.068,PASS,rendered,0,3,3,
https://pandaexteriors.com/blog/project/sbs-siding/,desktop,1440×1062,1440×1062,0,1287,0.084,PASS,rendered,0,3,3,
https://pandaexteriors.com/blog/project/sbs-siding/,mobile,390×1612,390×1612,0,1287,0.205,PASS,rendered,0,3,3,
https://pandaexteriors.com/blog/project/spanish-tile/,desktop,1440×3368,1440×3368,0,1287,0.027,PASS,rendered,0,3,3,
https://pandaexteriors.com/blog/project/spanish-tile/,mobile,390×3918,390×3918,0,1287,0.084,PASS,rendered,0,3,3,
https://pandaexteriors.com/blog/quarterly-inspection/,desktop,1440×3487,1440×3487,0,2312,0.046,PASS,rendered,0,4,3,
https://pandaexteriors.com/blog/quarterly-inspection/,mobile,390×6553,390×6553,0,2308,0.090,PASS,rendered,0,4,3,
https://pandaexteriors.com/blog/repair-or-replace-how-to-decide-after-a-winter-storm-beats-up-your-roof/,desktop,1440×6338,1440×6338,0,2312,0.025,PASS,rendered,0,4,3,
https://pandaexteriors.com/blog/repair-or-replace-how-to-decide-after-a-winter-storm-beats-up-your-roof/,mobile,390×12685,390×12685,0,2308,0.047,PASS,rendered,0,4,3,
https://pandaexteriors.com/blog/repair-vs-replace-after-a-storm-the-spring-decision-matrix-insurers-use-and-how-to-tell-what-your-roof-actually-needs/,desktop,1440×5146,1440×5146,0,2312,0.031,PASS,rendered,0,4,3,
https://pandaexteriors.com/blog/repair-vs-replace-after-a-storm-the-spring-decision-matrix-insurers-use-and-how-to-tell-what-your-roof-actually-needs/,mobile,390×10926,390×10926,0,2308,0.054,PASS,rendered,0,4,3,
https://pandaexteriors.com/blog/replacing-a-roof-in-2024/,desktop,1440×4025,1440×4025,0,2312,0.040,PASS,rendered,0,4,3,
https://pandaexteriors.com/blog/replacing-a-roof-in-2024/,mobile,390×7462,390×7462,0,2308,0.079,PASS,rendered,0,4,3,
https://pandaexteriors.com/blog/replacing-your-roof-with-gaf-timberline-solar-shingles/,desktop,1440×6125,1440×6125,0,2312,0.026,PASS,rendered,0,4,3,
https://pandaexteriors.com/blog/replacing-your-roof-with-gaf-timberline-solar-shingles/,mobile,390×10273,390×10273,0,2308,0.058,PASS,rendered,0,4,3,
https://pandaexteriors.com/blog/roof-flashing-repair/,desktop,1440×3651,1440×3651,0,2312,0.044,PASS,rendered,0,4,3,
https://pandaexteriors.com/blog/roof-flashing-repair/,mobile,390×6924,390×6924,0,2308,0.085,PASS,rendered,0,4,3,
https://pandaexteriors.com/blog/roof-insurance-deductibles-explained-what-will-you-pay-after-storm-damage/,desktop,1440×6488,1440×6488,0,2312,0.025,PASS,rendered,0,4,3,
https://pandaexteriors.com/blog/roof-insurance-deductibles-explained-what-will-you-pay-after-storm-damage/,mobile,390×12319,390×12319,0,2308,0.048,PASS,rendered,0,4,3,
https://pandaexteriors.com/blog/roof-leak-season-is-here-why-spring-rain-exposes-hidden-winter-damage/,desktop,1440×4876,1440×4876,0,2312,0.033,PASS,rendered,0,4,3,
https://pandaexteriors.com/blog/roof-leak-season-is-here-why-spring-rain-exposes-hidden-winter-damage/,mobile,390×9407,390×9407,0,2308,0.063,PASS,rendered,0,4,3,
https://pandaexteriors.com/blog/roof-repair-or-replace/,desktop,1440×5508,1440×5508,0,2312,0.029,PASS,as-delivered,0,4,3,
https://pandaexteriors.com/blog/roof-repair-or-replace/,mobile,390×10788,390×10788,0,2308,0.055,PASS,as-delivered,0,4,3,
https://pandaexteriors.com/blog/roof-replacement-timeline/,desktop,1440×6169,1440×6169,0,2312,0.026,PASS,rendered,0,4,3,
https://pandaexteriors.com/blog/roof-replacement-timeline/,mobile,390×11519,390×11519,0,2308,0.051,PASS,rendered,0,4,3,
https://pandaexteriors.com/blog/seasonal-roof-maintenance-tips-for-every-time-of-year/,desktop,1440×3260,1440×3260,0,2312,0.049,PASS,rendered,0,4,3,
https://pandaexteriors.com/blog/seasonal-roof-maintenance-tips-for-every-time-of-year/,mobile,390×6292,390×6292,0,2308,0.094,PASS,rendered,0,4,3,
https://pandaexteriors.com/blog/shielding-new-jersey-homes-the-essential-role-of-quality-roof-replacement-in-extreme-weather-preparedness/,desktop,1440×3640,1440×3640,0,2312,0.044,PASS,rendered,0,4,3,
https://pandaexteriors.com/blog/shielding-new-jersey-homes-the-essential-role-of-quality-roof-replacement-in-extreme-weather-preparedness/,mobile,390×6857,390×6857,0,2308,0.086,PASS,rendered,0,4,3,
https://pandaexteriors.com/blog/should-you-repair-or-replace-your-roof-after-a-spring-storm/,desktop,1440×4731,1440×4731,0,2312,0.034,PASS,rendered,0,4,3,
https://pandaexteriors.com/blog/should-you-repair-or-replace-your-roof-after-a-spring-storm/,mobile,390×9505,390×9505,0,2308,0.062,PASS,rendered,0,4,3,
https://pandaexteriors.com/blog/siding-and-exterior-cleaning-the-safe-way-to-remove-algae-mildew-and-pollen/,desktop,1440×6164,1440×6164,0,2312,0.026,PASS,rendered,0,4,3,
https://pandaexteriors.com/blog/siding-and-exterior-cleaning-the-safe-way-to-remove-algae-mildew-and-pollen/,mobile,390×12382,390×12382,0,2308,0.048,PASS,rendered,0,4,3,
https://pandaexteriors.com/blog/signs-you-need-attic-insulation/,desktop,1440×3669,1440×3669,0,2312,0.044,PASS,rendered,0,4,3,
https://pandaexteriors.com/blog/signs-you-need-attic-insulation/,mobile,390×6864,390×6864,0,2308,0.086,PASS,rendered,0,4,3,
https://pandaexteriors.com/blog/solar-financing-gaf-solar-shingles/,desktop,1440×5708,1440×5708,0,2312,0.028,PASS,rendered,0,4,3,
https://pandaexteriors.com/blog/solar-financing-gaf-solar-shingles/,mobile,390×10711,390×10711,0,2308,0.055,PASS,rendered,0,4,3,
https://pandaexteriors.com/blog/solar-roof-inspection-summer-maintenance-for-maximum-performance/,desktop,1440×6241,1440×6241,0,2312,0.026,PASS,rendered,0,4,3,
https://pandaexteriors.com/blog/solar-roof-inspection-summer-maintenance-for-maximum-performance/,mobile,390×11656,390×11656,0,2308,0.051,PASS,rendered,0,4,3,
https://pandaexteriors.com/blog/solar-shingles-vs-traditional-solar-panels/,desktop,1440×6702,1440×6702,0,2312,0.024,PASS,rendered,0,4,3,
https://pandaexteriors.com/blog/solar-shingles-vs-traditional-solar-panels/,mobile,390×12173,390×12173,0,2308,0.049,PASS,rendered,0,4,3,
https://pandaexteriors.com/blog/spring-exterior-refresh-when-to-replace-siding-roofing-and-gutters-together/,desktop,1440×4796,1440×4796,0,2312,0.033,PASS,rendered,0,4,3,
https://pandaexteriors.com/blog/spring-exterior-refresh-when-to-replace-siding-roofing-and-gutters-together/,mobile,390×9597,390×9597,0,2308,0.062,PASS,rendered,0,4,3,
https://pandaexteriors.com/blog/spring-is-a-great-season-for-roof-inspections/,desktop,1440×3432,1440×3432,0,2312,0.047,PASS,rendered,0,4,3,
https://pandaexteriors.com/blog/spring-is-a-great-season-for-roof-inspections/,mobile,390×6437,390×6437,0,2308,0.092,PASS,rendered,0,4,3,
https://pandaexteriors.com/blog/spring-leak-map-how-to-spot-the-failure-points-before-they-become-interior-damage/,desktop,1440×6918,1440×6918,0,2312,0.023,PASS,rendered,0,4,3,
https://pandaexteriors.com/blog/spring-leak-map-how-to-spot-the-failure-points-before-they-become-interior-damage/,mobile,390×13084,390×13084,0,2308,0.045,PASS,rendered,0,4,3,
https://pandaexteriors.com/blog/spring-rain-leak-season-why-roof-leaks-show-up-in-march-and-april/,desktop,1440×6809,1440×6809,0,2312,0.024,PASS,rendered,0,4,3,
https://pandaexteriors.com/blog/spring-rain-leak-season-why-roof-leaks-show-up-in-march-and-april/,mobile,390×12321,390×12321,0,2308,0.048,PASS,rendered,0,4,3,
https://pandaexteriors.com/blog/spring-roof-inspection-checklist-9-problems-homeowners-miss-after-winter/,desktop,1440×4772,1440×4772,0,2312,0.034,PASS,rendered,0,4,3,
https://pandaexteriors.com/blog/spring-roof-inspection-checklist-9-problems-homeowners-miss-after-winter/,mobile,390×9653,390×9653,0,2308,0.061,PASS,rendered,0,4,3,
https://pandaexteriors.com/blog/storm-just-hit-what-to-do-in-the-first-24-hours-if-you-suspect-roof-damage/,desktop,1440×6278,1440×6278,0,2312,0.026,PASS,rendered,0,4,3,
https://pandaexteriors.com/blog/storm-just-hit-what-to-do-in-the-first-24-hours-if-you-suspect-roof-damage/,mobile,390×11109,390×11109,0,2308,0.053,PASS,rendered,0,4,3,
https://pandaexteriors.com/blog/storm-proofing-how-gaf-solar-shingles-handle-severe-weather/,desktop,1440×5023,1440×5023,0,2312,0.032,PASS,rendered,0,4,3,
https://pandaexteriors.com/blog/storm-proofing-how-gaf-solar-shingles-handle-severe-weather/,mobile,390×9807,390×9807,0,2308,0.060,PASS,rendered,0,4,3,
https://pandaexteriors.com/blog/summer-siding-problems-homeowners-ignore-warping-fading-cracking-and-loose-panels/,desktop,1440×10464,1440×10464,0,2312,0.015,PASS,rendered,0,4,3,
https://pandaexteriors.com/blog/summer-siding-problems-homeowners-ignore-warping-fading-cracking-and-loose-panels/,mobile,390×17024,390×17024,0,2308,0.035,PASS,rendered,0,4,3,
https://pandaexteriors.com/blog/the-components-of-a-roof-replacement/,desktop,1440×3756,1440×3756,0,2312,0.043,PASS,rendered,0,4,3,
https://pandaexteriors.com/blog/the-components-of-a-roof-replacement/,mobile,390×7096,390×7096,0,2308,0.083,PASS,rendered,0,4,3,
https://pandaexteriors.com/blog/the-end-of-winter-roof-survival-checklist/,desktop,1440×5358,1440×5358,0,2312,0.030,PASS,rendered,0,4,3,
https://pandaexteriors.com/blog/the-end-of-winter-roof-survival-checklist/,mobile,390×11123,390×11123,0,2308,0.053,PASS,rendered,0,4,3,
https://pandaexteriors.com/blog/the-greatness-of-gutters/,desktop,1440×3486,1440×3486,0,2312,0.046,PASS,rendered,0,4,3,
https://pandaexteriors.com/blog/the-greatness-of-gutters/,mobile,390×6630,390×6630,0,2308,0.089,PASS,rendered,0,4,3,
https://pandaexteriors.com/blog/the-role-of-solar-panels-in-reducing-peak-electricity-demand/,desktop,1440×3742,1440×3742,0,2312,0.043,PASS,rendered,0,4,3,
https://pandaexteriors.com/blog/the-role-of-solar-panels-in-reducing-peak-electricity-demand/,mobile,390×7211,390×7211,0,2308,0.082,PASS,rendered,0,4,3,
https://pandaexteriors.com/blog/the-top-5-benefits-of-solar-panels-for-homeowners/,desktop,1440×4185,1440×4185,0,2312,0.038,PASS,rendered,0,4,3,
https://pandaexteriors.com/blog/the-top-5-benefits-of-solar-panels-for-homeowners/,mobile,390×8755,390×8755,0,2308,0.068,PASS,rendered,0,4,3,
https://pandaexteriors.com/blog/understanding-roof-warranties-whats-covered-and-whats-not/,desktop,1440×6304,1440×6304,0,2312,0.025,PASS,rendered,0,4,3,
https://pandaexteriors.com/blog/understanding-roof-warranties-whats-covered-and-whats-not/,mobile,390×11858,390×11858,0,2308,0.050,PASS,rendered,0,4,3,
https://pandaexteriors.com/blog/what-are-ice-dams-and-how-can-they-damage-my-roof-this-february/,desktop,1440×4094,1440×4094,0,2312,0.039,PASS,rendered,0,4,3,
https://pandaexteriors.com/blog/what-are-ice-dams-and-how-can-they-damage-my-roof-this-february/,mobile,390×7500,390×7500,0,2308,0.079,PASS,rendered,0,4,3,
https://pandaexteriors.com/blog/what-cold-weather-does-to-a-failing-roof-and-how-to-avoid-it/,desktop,1440×5521,1440×5521,0,2312,0.029,PASS,rendered,0,4,3,
https://pandaexteriors.com/blog/what-cold-weather-does-to-a-failing-roof-and-how-to-avoid-it/,mobile,390×10655,390×10655,0,2308,0.056,PASS,rendered,0,4,3,
https://pandaexteriors.com/blog/what-is-a-roofing-insurance-supplement-and-why-might-your-claim-need-one/,desktop,1440×5489,1440×5489,0,2312,0.029,PASS,rendered,0,4,3,
https://pandaexteriors.com/blog/what-is-a-roofing-insurance-supplement-and-why-might-your-claim-need-one/,mobile,390×11003,390×11003,0,2308,0.054,PASS,rendered,0,4,3,
https://pandaexteriors.com/blog/what-questions-should-i-ask-a-roofing-contractor/,desktop,1440×3928,1440×3928,0,2312,0.041,PASS,rendered,0,4,3,
https://pandaexteriors.com/blog/what-questions-should-i-ask-a-roofing-contractor/,mobile,390×7338,390×7338,0,2308,0.081,PASS,rendered,0,4,3,
https://pandaexteriors.com/blog/when-the-sun-shines-we-shine-together-your-reasons-to-go-solar-part-1-3/,desktop,1440×3594,1440×3594,0,2312,0.045,PASS,rendered,0,4,3,
https://pandaexteriors.com/blog/when-the-sun-shines-we-shine-together-your-reasons-to-go-solar-part-1-3/,mobile,390×7169,390×7169,0,2308,0.083,PASS,rendered,0,4,3,
https://pandaexteriors.com/blog/when-the-sun-shines-we-shine-together-your-reasons-to-go-solar-part-2-3/,desktop,1440×3492,1440×3492,0,2312,0.046,PASS,rendered,0,4,3,
https://pandaexteriors.com/blog/when-the-sun-shines-we-shine-together-your-reasons-to-go-solar-part-2-3/,mobile,390×6959,390×6959,0,2308,0.085,PASS,rendered,0,4,3,
https://pandaexteriors.com/blog/when-the-sun-shines-we-shine-together-your-reasons-to-go-solar-part-3-3/,desktop,1440×3746,1440×3746,0,2312,0.043,PASS,rendered,0,4,3,
https://pandaexteriors.com/blog/when-the-sun-shines-we-shine-together-your-reasons-to-go-solar-part-3-3/,mobile,390×7912,390×7912,0,2308,0.075,PASS,rendered,0,4,3,
https://pandaexteriors.com/blog/why-fall-2024-is-the-best-time-to-combine-roof-upgrades-with-solar-installation-in-the-mid-atlantic/,desktop,1440×3945,1440×3945,0,2312,0.041,PASS,rendered,0,4,3,
https://pandaexteriors.com/blog/why-fall-2024-is-the-best-time-to-combine-roof-upgrades-with-solar-installation-in-the-mid-atlantic/,mobile,390×8213,390×8213,0,2308,0.072,PASS,rendered,0,4,3,
https://pandaexteriors.com/blog/why-fall-is-the-best-season-to-replace-your-roof/,desktop,1440×4964,1440×4964,0,2312,0.032,PASS,rendered,0,4,3,
https://pandaexteriors.com/blog/why-fall-is-the-best-season-to-replace-your-roof/,mobile,390×10002,390×10002,0,2308,0.059,PASS,rendered,0,4,3,
https://pandaexteriors.com/blog/why-your-upstairs-gets-so-hot-in-summer-the-connection-between-roofing-ventilation-and-exterior-materials/,desktop,1440×9272,1440×9272,0,2312,0.017,PASS,rendered,0,4,3,
https://pandaexteriors.com/blog/why-your-upstairs-gets-so-hot-in-summer-the-connection-between-roofing-ventilation-and-exterior-materials/,mobile,390×16098,390×16098,0,2308,0.037,PASS,rendered,0,4,3,
https://pandaexteriors.com/blog/wind-and-hail-prep-what-to-fix-now-before-the-next-storm/,desktop,1440×6387,1440×6387,0,2312,0.025,PASS,rendered,0,4,3,
https://pandaexteriors.com/blog/wind-and-hail-prep-what-to-fix-now-before-the-next-storm/,mobile,390×13263,390×13263,0,2308,0.045,PASS,rendered,0,4,3,
https://pandaexteriors.com/blog/winter-proof-your-home-roof-gutters-and-attic-upgrades-that-stop-ice-dams-and-heat-loss/,desktop,1440×6163,1440×6163,0,2312,0.026,PASS,rendered,0,4,3,
https://pandaexteriors.com/blog/winter-proof-your-home-roof-gutters-and-attic-upgrades-that-stop-ice-dams-and-heat-loss/,mobile,390×11919,390×11919,0,2308,0.050,PASS,rendered,0,4,3,
https://pandaexteriors.com/blog/winter-ready-roofs-why-every-roof-needs-a-tune-up-before-first-freeze/,desktop,1440×5228,1440×5228,0,2312,0.031,PASS,rendered,0,4,3,
https://pandaexteriors.com/blog/winter-ready-roofs-why-every-roof-needs-a-tune-up-before-first-freeze/,mobile,390×10231,390×10231,0,2308,0.058,PASS,rendered,0,4,3,
https://pandaexteriors.com/blog/winter-roof-repair-checklist-9-small-issues-to-fix-before-they-turn-into-big-leaks/,desktop,1440×5107,1440×5107,0,2312,0.031,PASS,rendered,0,4,3,
https://pandaexteriors.com/blog/winter-roof-repair-checklist-9-small-issues-to-fix-before-they-turn-into-big-leaks/,mobile,390×9833,390×9833,0,2308,0.060,PASS,rendered,0,4,3,
https://pandaexteriors.com/blog/winter-roof-replacement/,desktop,1440×3115,1440×3115,0,2312,0.052,PASS,rendered,0,4,3,
https://pandaexteriors.com/blog/winter-roof-replacement/,mobile,390×6040,390×6040,0,2308,0.098,PASS,rendered,0,4,3,
https://pandaexteriors.com/blog/yes-you-can-replace-your-roof-in-winter-pros-cons-and-how-panda-exteriors-makes-it-work/,desktop,1440×6329,1440×6329,0,2312,0.025,PASS,rendered,0,4,3,
https://pandaexteriors.com/blog/yes-you-can-replace-your-roof-in-winter-pros-cons-and-how-panda-exteriors-makes-it-work/,mobile,390×12616,390×12616,0,2308,0.047,PASS,rendered,0,4,3,
https://pandaexteriors.com/careers/,desktop,1440×9283,1440×9283,0,1383,0.010,PASS,rendered,0,0,0,
https://pandaexteriors.com/careers/,mobile,390×15178,390×15178,0,1627,0.027,PASS,rendered,0,0,0,
https://pandaexteriors.com/charity-and-community/,desktop,1440×3633,1440×3633,0,1287,0.025,PASS,rendered,0,5,4,
https://pandaexteriors.com/charity-and-community/,mobile,390×6930,390×6930,0,1287,0.048,PASS,rendered,0,5,4,
https://pandaexteriors.com/commercial-capabilities/,desktop,1934×4788,1440×4915,127,3891362,40.938,EDITED,rendered,0,4,3,
https://pandaexteriors.com/commercial-capabilities/,mobile,1934×4843,390×5788,945,8688204,77.615,EDITED,rendered,0,4,3,
https://pandaexteriors.com/commerical-roofing/,desktop,1440×6847,1440×7045,198,1415018,13.948,EDITED,rendered,0,3,2,
https://pandaexteriors.com/commerical-roofing/,mobile,390×11065,390×12074,1009,1369633,29.086,EDITED,rendered,0,3,2,
https://pandaexteriors.com/commerical-roofing/roof-replacement/,desktop,1440×3756,1440×3746,-10,159964,2.958,EDITED,rendered,0,3,2,
https://pandaexteriors.com/commerical-roofing/roof-replacement/,mobile,390×6685,390×7228,543,835330,29.633,EDITED,rendered,0,3,2,
https://pandaexteriors.com/commerical-roofing/roof-types/,desktop,1440×3788,1440×3778,-10,178525,3.273,EDITED,rendered,0,3,2,
https://pandaexteriors.com/commerical-roofing/roof-types/,mobile,390×6768,390×7311,543,835454,29.301,EDITED,rendered,0,3,2,
https://pandaexteriors.com/contact-us/,desktop,1440×2275,1440×2275,0,1388,0.042,PASS,rendered,0,4,3,
https://pandaexteriors.com/contact-us/,mobile,390×4723,390×4723,0,1338,0.073,PASS,rendered,0,4,3,
https://pandaexteriors.com/customer-service/,desktop,1440×1395,1440×1395,0,1287,0.064,PASS,rendered,0,4,4,
https://pandaexteriors.com/customer-service/,mobile,390×2875,390×2875,0,1287,0.115,PASS,rendered,0,4,4,
https://pandaexteriors.com/faqs/,desktop,1440×4831,1440×5039,208,1160153,15.989,EDITED,rendered,0,3,2,
https://pandaexteriors.com/faqs/,mobile,390×6163,390×6628,465,568552,21.995,EDITED,rendered,0,3,2,
https://pandaexteriors.com/gallery/,desktop,1440×3267,1440×3267,0,23573,0.501,PASS,rendered,0,4,4,
https://pandaexteriors.com/gallery/,mobile,390×1943,390×1943,0,1287,0.170,PASS,rendered,0,4,4,
https://pandaexteriors.com/gutters/,desktop,1440×5231,1440×5439,208,2452474,31.313,EDITED,rendered,0,2,2,
https://pandaexteriors.com/gutters/,mobile,390×8639,390×9105,466,1244076,35.035,EDITED,rendered,0,2,2,
https://pandaexteriors.com/gutters/gutter-guards/,desktop,1440×3733,1440×3723,-10,159775,2.972,EDITED,rendered,0,3,2,
https://pandaexteriors.com/gutters/gutter-guards/,mobile,390×6743,390×7286,543,835450,29.401,EDITED,rendered,0,3,2,
https://pandaexteriors.com/offers/,desktop,1440×3944,1440×3944,0,2312,0.041,PASS,rendered,0,2,2,
https://pandaexteriors.com/offers/,mobile,390×6145,390×6145,0,2308,0.096,PASS,rendered,0,2,2,
https://pandaexteriors.com/pandav1-capture-404-check/,desktop,1440×900,1440×900,0,1287,0.099,PASS,rendered,0,3,3,
https://pandaexteriors.com/pandav1-capture-404-check/,mobile,390×844,390×844,0,1287,0.391,PASS,rendered,0,3,3,
https://pandaexteriors.com/past-projects/,desktop,1440×2768,1440×4213,1445,3949668,65.104,EDITED,rendered,0,5,11,
https://pandaexteriors.com/past-projects/,mobile,390×4259,390×10160,5901,3254574,82.136,EDITED,rendered,0,5,11,
https://pandaexteriors.com/podcast/,desktop,1440×4336,1440×4534,198,1436668,22.005,EDITED,rendered,0,4,3,
https://pandaexteriors.com/podcast/,mobile,390×6562,390×7571,1009,1342637,45.472,EDITED,rendered,0,4,3,
https://pandaexteriors.com/position-details/,desktop,1440×919,1440×919,0,6093,0.460,EDITED,rendered,0,3,3,
https://pandaexteriors.com/position-details/,mobile,390×844,390×844,0,19240,5.845,EDITED,rendered,0,3,3,
https://pandaexteriors.com/privacy-policy/,desktop,1440×2690,1440×2690,0,1287,0.033,PASS,rendered,0,3,3,
https://pandaexteriors.com/privacy-policy/,mobile,390×5529,390×5529,0,1287,0.060,PASS,rendered,0,3,3,
https://pandaexteriors.com/referral/,desktop,1440×2062,1440×2062,0,1383,0.047,PASS,rendered,0,0,0,
https://pandaexteriors.com/referral/,mobile,390×2860,390×2860,0,1383,0.124,PASS,rendered,0,0,0,
https://pandaexteriors.com/referrals/,desktop,1440×900,1440×900,0,1287,0.099,PASS,rendered,0,3,3,
https://pandaexteriors.com/referrals/,mobile,390×1149,390×1149,0,1287,0.287,PASS,rendered,0,3,3,
https://pandaexteriors.com/reviews/,desktop,1440×3965,1440×4172,207,1200788,19.988,EDITED,rendered,0,3,2,
https://pandaexteriors.com/reviews/,mobile,390×6009,390×6475,466,624883,24.745,EDITED,rendered,0,3,2,
https://pandaexteriors.com/roofing-costs/,desktop,1440×3817,1440×3807,-10,178525,3.248,EDITED,rendered,0,3,2,
https://pandaexteriors.com/roofing-costs/,mobile,390×6505,390×7048,543,835459,30.394,EDITED,rendered,0,3,2,
https://pandaexteriors.com/roofing/,desktop,1440×7189,1440×7386,197,2302741,21.651,EDITED,rendered,0,4,2,
https://pandaexteriors.com/roofing/,mobile,390×11215,390×12266,1051,1964028,41.056,EDITED,rendered,0,4,2,
https://pandaexteriors.com/roofing/attic-insulation/,desktop,1440×3701,1440×3691,-10,159846,2.999,EDITED,rendered,0,3,2,
https://pandaexteriors.com/roofing/attic-insulation/,mobile,390×6821,390×7364,543,834906,29.071,EDITED,rendered,0,3,2,
https://pandaexteriors.com/roofing/repairs/,desktop,1440×3778,1440×3768,-10,84045,1.545,EDITED,rendered,0,3,2,
https://pandaexteriors.com/roofing/repairs/,mobile,390×6891,390×7434,543,637618,21.992,EDITED,rendered,0,3,2,
https://pandaexteriors.com/roofing/replacement/,desktop,1440×3718,1440×3708,-10,159776,2.984,EDITED,rendered,0,3,2,
https://pandaexteriors.com/roofing/replacement/,mobile,390×6665,390×7208,543,834906,29.700,EDITED,rendered,0,3,2,
https://pandaexteriors.com/roofing/residential/,desktop,1440×5562,1440×5552,-10,45512,0.568,EDITED,rendered,0,3,2,
https://pandaexteriors.com/roofing/residential/,mobile,390×8966,390×9509,543,637618,17.193,EDITED,rendered,0,3,2,
https://pandaexteriors.com/roofing/types/,desktop,1440×4986,1440×4976,-10,98540,1.372,EDITED,rendered,0,4,2,
https://pandaexteriors.com/roofing/types/,mobile,390×7691,390×8234,543,861790,26.837,EDITED,rendered,0,4,2,
https://pandaexteriors.com/service-areas/,desktop,1440×4579,1440×4671,92,2122873,31.561,EDITED,rendered,0,3,2,
https://pandaexteriors.com/service-areas/,mobile,390×7608,390×7407,-201,881048,29.694,EDITED,rendered,0,3,2,
https://pandaexteriors.com/services/,desktop,1440×3798,1440×3798,0,3925,0.072,PASS,rendered,0,2,2,
https://pandaexteriors.com/services/,mobile,390×7418,390×7418,0,3935,0.136,PASS,rendered,0,2,2,
https://pandaexteriors.com/siding/,desktop,1440×5245,1440×5383,138,1010627,13.038,EDITED,rendered,0,2,2,
https://pandaexteriors.com/siding/,mobile,390×9229,390×9364,135,508204,13.916,EDITED,rendered,0,2,2,
https://pandaexteriors.com/site-map/,desktop,1440×2943,1440×2175,-768,1590993,37.542,EDITED,rendered,0,3,3,
https://pandaexteriors.com/site-map/,mobile,390×3727,390×2735,-992,751521,51.703,EDITED,rendered,0,3,3,
https://pandaexteriors.com/solar/,desktop,1440×6810,1440×7007,197,1987622,19.699,EDITED,as-delivered,0,3,2,
https://pandaexteriors.com/solar/,mobile,390×11188,390×12197,1009,1330436,27.969,EDITED,as-delivered,0,3,2,
https://pandaexteriors.com/solar/gaf-solar-roof/,desktop,1440×3074,1440×3064,-10,87780,1.983,EDITED,rendered,0,4,3,
https://pandaexteriors.com/solar/gaf-solar-roof/,mobile,390×5527,390×6070,543,439747,18.576,EDITED,rendered,0,4,3,
https://pandaexteriors.com/solar/solar-panel-installations/,desktop,1440×3110,1440×3100,-10,88394,1.974,EDITED,rendered,0,4,3,
https://pandaexteriors.com/solar/solar-panel-installations/,mobile,390×5420,390×5963,543,439643,18.905,EDITED,rendered,0,4,3,
https://pandaexteriors.com/terms-and-conditions/,desktop,1440×1993,1440×1993,0,1287,0.045,PASS,rendered,0,3,3,
https://pandaexteriors.com/terms-and-conditions/,mobile,390×3501,390×3501,0,1287,0.094,PASS,rendered,0,3,3,
https://pandaexteriors.com/thank-you/,desktop,1440×2426,1440×2773,347,1841598,46.119,EDITED,rendered,0,4,3,
https://pandaexteriors.com/thank-you/,mobile,390×4596,390×5167,571,902312,44.777,EDITED,rendered,0,4,3,
